Дата      ;Расход    ;
          ;воды      ;
01.01.2005;          ;
02.01.2005;          ;
03.01.2005;          ;
04.01.2005;          ;
05.01.2005;          ;
06.01.2005;          ;
07.01.2005;          ;
08.01.2005;          ;
09.01.2005;          ;
10.01.2005;          ;
11.01.2005;          ;
12.01.2005;          ;
13.01.2005;          ;
14.01.2005;          ;
15.01.2005;          ;
16.01.2005;          ;
17.01.2005;          ;
18.01.2005;          ;
19.01.2005;          ;
20.01.2005;          ;
21.01.2005;          ;
22.01.2005;          ;
23.01.2005;          ;
24.01.2005;          ;
25.01.2005;          ;
26.01.2005;          ;
27.01.2005;          ;
28.01.2005;          ;
29.01.2005;          ;
30.01.2005;          ;
01.02.2005;          ;
02.02.2005;          ;
03.02.2005;          ;
04.02.2005;          ;
05.02.2005;          ;
06.02.2005;          ;
07.02.2005;          ;
08.02.2005;          ;
09.02.2005;          ;
10.02.2005;          ;
11.02.2005;          ;
12.02.2005;          ;
13.02.2005;          ;
14.02.2005;          ;
15.02.2005;          ;
16.02.2005;          ;
17.02.2005;          ;
18.02.2005;          ;
19.02.2005;          ;
20.02.2005;          ;
21.02.2005;          ;
22.02.2005;          ;
23.02.2005;          ;
24.02.2005;          ;
25.02.2005;          ;
26.02.2005;          ;
27.02.2005;          ;
28.02.2005;          ;
29.02.2005;          ;
30.02.2005;          ;
01.03.2005;          ;
02.03.2005;          ;
03.03.2005;          ;
04.03.2005;          ;
05.03.2005;          ;
06.03.2005;          ;
07.03.2005;          ;
08.03.2005;          ;
09.03.2005;          ;
10.03.2005;          ;
11.03.2005;          ;
12.03.2005;          ;
13.03.2005;          ;
14.03.2005;          ;
15.03.2005;          ;
16.03.2005;          ;
17.03.2005;          ;
18.03.2005;          ;
19.03.2005;          ;
20.03.2005;          ;
21.03.2005;          ;
22.03.2005;          ;
23.03.2005;          ;
24.03.2005;          ;
25.03.2005;          ;
26.03.2005;          ;
27.03.2005;          ;
28.03.2005;          ;
29.03.2005;          ;
30.03.2005;          ;
01.04.2005;          ;
02.04.2005;          ;
03.04.2005;          ;
04.04.2005;          ;
05.04.2005;          ;
06.04.2005;          ;
07.04.2005;          ;
08.04.2005;          ;
09.04.2005;          ;
10.04.2005;          ;
11.04.2005;          ;
12.04.2005;          ;
13.04.2005;          ;
14.04.2005;          ;
15.04.2005;          ;
16.04.2005;          ;
17.04.2005;          ;
18.04.2005;          ;
19.04.2005;          ;
20.04.2005;          ;
21.04.2005;          ;
22.04.2005;          ;
23.04.2005;          ;
24.04.2005;          ;
25.04.2005;          ;
26.04.2005;          ;
27.04.2005;          ;
28.04.2005;          ;
29.04.2005;          ;
30.04.2005;          ;
01.05.2005;          ;
02.05.2005;    14.200;
03.05.2005;    14.200;
04.05.2005;    14.500;
05.05.2005;    14.200;
06.05.2005;    14.500;
07.05.2005;    15.200;
08.05.2005;    15.200;
09.05.2005;    16.800;
10.05.2005;    16.800;
11.05.2005;    17.700;
12.05.2005;    16.800;
13.05.2005;    17.700;
14.05.2005;    18.500;
15.05.2005;    19.300;
16.05.2005;    19.300;
17.05.2005;    39.300;
18.05.2005;    28.800;
19.05.2005;    21.800;
20.05.2005;    15.200;
21.05.2005;    15.000;
22.05.2005;    14.500;
23.05.2005;    14.200;
24.05.2005;    13.900;
25.05.2005;    13.700;
26.05.2005;    13.700;
27.05.2005;    13.500;
28.05.2005;    13.700;
29.05.2005;    14.200;
30.05.2005;    13.900;
01.06.2005;    13.400;
02.06.2005;    12.900;
03.06.2005;    12.700;
04.06.2005;    13.500;
05.06.2005;    14.500;
06.06.2005;    15.200;
07.06.2005;    16.800;
08.06.2005;    15.200;
09.06.2005;    18.500;
10.06.2005;    20.500;
11.06.2005;    18.500;
12.06.2005;    16.000;
13.06.2005;    15.200;
14.06.2005;    15.000;
15.06.2005;    14.700;
16.06.2005;    14.500;
17.06.2005;    13.900;
18.06.2005;    13.500;
19.06.2005;    13.400;
20.06.2005;    15.000;
21.06.2005;    19.300;
22.06.2005;    15.200;
23.06.2005;    13.700;
24.06.2005;    14.200;
25.06.2005;    14.500;
26.06.2005;    14.200;
27.06.2005;    13.700;
28.06.2005;    13.500;
29.06.2005;    13.900;
30.06.2005;    20.500;
01.07.2005;    14.700;
02.07.2005;    27.200;
03.07.2005;    37.400;
04.07.2005;    61.500;
05.07.2005;    87.200;
06.07.2005;    97.900;
07.07.2005;   120.000;
08.07.2005;    83.900;
09.07.2005;    64.500;
10.07.2005;    61.500;
11.07.2005;    50.300;
12.07.2005;    45.400;
13.07.2005;    41.100;
14.07.2005;    52.800;
15.07.2005;    80.600;
16.07.2005;    74.000;
17.07.2005;    61.500;
18.07.2005;    64.500;
19.07.2005;    55.300;
20.07.2005;    47.900;
21.07.2005;    47.900;
22.07.2005;    45.400;
23.07.2005;    37.400;
24.07.2005;    32.100;
25.07.2005;    32.100;
26.07.2005;    23.000;
27.07.2005;    18.500;
28.07.2005;    18.500;
29.07.2005;    19.300;
30.07.2005;    16.800;
01.08.2005;    15.000;
02.08.2005;    14.700;
03.08.2005;    14.700;
04.08.2005;    14.700;
05.08.2005;    14.700;
06.08.2005;    14.500;
07.08.2005;    14.500;
08.08.2005;    14.200;
09.08.2005;    13.900;
10.08.2005;    14.200;
11.08.2005;    13.900;
12.08.2005;    14.500;
13.08.2005;    14.200;
14.08.2005;    13.500;
15.08.2005;    13.900;
16.08.2005;    14.500;
17.08.2005;    15.000;
18.08.2005;    14.500;
19.08.2005;    14.700;
20.08.2005;    14.200;
21.08.2005;    14.200;
22.08.2005;    14.200;
23.08.2005;    14.200;
24.08.2005;    14.200;
25.08.2005;    14.200;
26.08.2005;    13.900;
27.08.2005;    13.900;
28.08.2005;    13.900;
29.08.2005;    13.900;
30.08.2005;    13.900;
01.09.2005;    14.500;
02.09.2005;    14.700;
03.09.2005;    16.000;
04.09.2005;    16.000;
05.09.2005;    16.000;
06.09.2005;    15.200;
07.09.2005;    15.200;
08.09.2005;    16.000;
09.09.2005;    15.200;
10.09.2005;    16.000;
11.09.2005;    16.000;
12.09.2005;    16.000;
13.09.2005;    16.000;
14.09.2005;    15.000;
15.09.2005;    15.200;
16.09.2005;    16.800;
17.09.2005;    16.800;
18.09.2005;    16.800;
19.09.2005;    17.700;
20.09.2005;    17.700;
21.09.2005;    16.800;
22.09.2005;    16.800;
23.09.2005;    16.000;
24.09.2005;    15.200;
25.09.2005;    15.200;
26.09.2005;    15.000;
27.09.2005;    15.000;
28.09.2005;    14.700;
29.09.2005;    14.500;
30.09.2005;    14.200;
01.10.2005;    14.200;
02.10.2005;    14.200;
03.10.2005;    13.900;
04.10.2005;    13.900;
05.10.2005;    13.700;
06.10.2005;    13.700;
07.10.2005;    13.700;
08.10.2005;    13.700;
09.10.2005;    13.700;
10.10.2005;    13.700;
11.10.2005;    13.700;
12.10.2005;    13.700;
13.10.2005;    13.700;
14.10.2005;    13.200;
15.10.2005;    12.500;
16.10.2005;    11.300;
17.10.2005;    10.900;
18.10.2005;     8.900;
19.10.2005;     8.570;
20.10.2005;     8.240;
21.10.2005;     8.240;
22.10.2005;     8.100;
23.10.2005;     8.100;
24.10.2005;     7.960;
25.10.2005;     7.830;
26.10.2005;     7.690;
27.10.2005;     7.560;
28.10.2005;     7.420;
29.10.2005;     7.290;
30.10.2005;     7.150;
01.11.2005;     6.880;
02.11.2005;     6.750;
03.11.2005;     6.610;
04.11.2005;     6.440;
05.11.2005;     6.260;
06.11.2005;     6.090;
07.11.2005;     5.920;
08.11.2005;     5.750;
09.11.2005;     5.570;
10.11.2005;     5.400;
11.11.2005;     5.230;
12.11.2005;     5.050;
13.11.2005;     4.880;
14.11.2005;     4.680;
15.11.2005;     4.480;
16.11.2005;     4.270;
17.11.2005;     4.070;
18.11.2005;     3.870;
19.11.2005;     3.670;
20.11.2005;     3.460;
21.11.2005;     3.260;
22.11.2005;     3.060;
23.11.2005;     2.860;
24.11.2005;     2.650;
25.11.2005;     2.450;
26.11.2005;     2.310;
27.11.2005;     2.180;
28.11.2005;     2.040;
29.11.2005;     1.910;
30.11.2005;     1.770;
01.12.2005;     1.630;
02.12.2005;     1.500;
03.12.2005;     1.360;
04.12.2005;     1.260;
05.12.2005;     1.090;
06.12.2005;     0.950;
07.12.2005;     0.820;
08.12.2005;     0.680;
09.12.2005;     0.540;
10.12.2005;     0.410;
11.12.2005;     0.270;
12.12.2005;     0.140;
13.12.2005;          ;
14.12.2005;          ;
15.12.2005;          ;
16.12.2005;          ;
17.12.2005;          ;
18.12.2005;          ;
19.12.2005;          ;
20.12.2005;          ;
21.12.2005;          ;
22.12.2005;          ;
23.12.2005;          ;
24.12.2005;          ;
25.12.2005;          ;
26.12.2005;          ;
27.12.2005;          ;
28.12.2005;          ;
29.12.2005;          ;
30.12.2005;          ;
01.01.2006;          ;
02.01.2006;          ;
03.01.2006;          ;
04.01.2006;          ;
05.01.2006;          ;
06.01.2006;          ;
07.01.2006;          ;
08.01.2006;          ;
09.01.2006;          ;
10.01.2006;          ;
11.01.2006;          ;
12.01.2006;          ;
13.01.2006;          ;
14.01.2006;          ;
15.01.2006;          ;
16.01.2006;          ;
17.01.2006;          ;
18.01.2006;          ;
19.01.2006;          ;
20.01.2006;          ;
21.01.2006;          ;
22.01.2006;          ;
23.01.2006;          ;
24.01.2006;          ;
25.01.2006;          ;
26.01.2006;          ;
27.01.2006;          ;
28.01.2006;          ;
29.01.2006;          ;
30.01.2006;          ;
01.02.2006;          ;
02.02.2006;          ;
03.02.2006;          ;
04.02.2006;          ;
05.02.2006;          ;
06.02.2006;          ;
07.02.2006;          ;
08.02.2006;          ;
09.02.2006;          ;
10.02.2006;          ;
11.02.2006;          ;
12.02.2006;          ;
13.02.2006;          ;
14.02.2006;          ;
15.02.2006;          ;
16.02.2006;          ;
17.02.2006;          ;
18.02.2006;          ;
19.02.2006;          ;
20.02.2006;          ;
21.02.2006;          ;
22.02.2006;          ;
23.02.2006;          ;
24.02.2006;          ;
25.02.2006;          ;
26.02.2006;          ;
27.02.2006;          ;
28.02.2006;          ;
29.02.2006;          ;
30.02.2006;          ;
01.03.2006;          ;
02.03.2006;          ;
03.03.2006;          ;
04.03.2006;          ;
05.03.2006;          ;
06.03.2006;          ;
07.03.2006;          ;
08.03.2006;          ;
09.03.2006;          ;
10.03.2006;          ;
11.03.2006;          ;
12.03.2006;          ;
13.03.2006;          ;
14.03.2006;          ;
15.03.2006;          ;
16.03.2006;          ;
17.03.2006;          ;
18.03.2006;          ;
19.03.2006;          ;
20.03.2006;          ;
21.03.2006;          ;
22.03.2006;          ;
23.03.2006;          ;
24.03.2006;          ;
25.03.2006;          ;
26.03.2006;          ;
27.03.2006;          ;
28.03.2006;          ;
29.03.2006;          ;
30.03.2006;          ;
01.04.2006;          ;
02.04.2006;          ;
03.04.2006;          ;
04.04.2006;          ;
05.04.2006;          ;
06.04.2006;          ;
07.04.2006;          ;
08.04.2006;          ;
09.04.2006;          ;
10.04.2006;          ;
11.04.2006;          ;
12.04.2006;          ;
13.04.2006;          ;
14.04.2006;          ;
15.04.2006;          ;
16.04.2006;          ;
17.04.2006;          ;
18.04.2006;          ;
19.04.2006;          ;
20.04.2006;          ;
21.04.2006;          ;
22.04.2006;     0.410;
23.04.2006;     1.440;
24.04.2006;     3.610;
25.04.2006;     6.920;
26.04.2006;     9.000;
27.04.2006;    11.300;
28.04.2006;    14.100;
29.04.2006;    15.800;
30.04.2006;    17.400;
01.05.2006;          ;
02.05.2006;          ;
03.05.2006;          ;
04.05.2006;          ;
05.05.2006;          ;
06.05.2006;          ;
07.05.2006;          ;
08.05.2006;          ;
09.05.2006;          ;
10.05.2006;    18.200;
11.05.2006;    21.000;
12.05.2006;    21.900;
13.05.2006;    27.600;
14.05.2006;    26.700;
15.05.2006;    30.700;
16.05.2006;    39.900;
17.05.2006;    42.300;
18.05.2006;    34.100;
19.05.2006;    24.800;
20.05.2006;    21.900;
21.05.2006;    20.000;
22.05.2006;    17.300;
23.05.2006;    16.400;
24.05.2006;    13.800;
25.05.2006;    12.900;
26.05.2006;    12.000;
27.05.2006;    11.100;
28.05.2006;    11.100;
29.05.2006;    10.600;
30.05.2006;    10.100;
01.06.2006;     9.600;
02.06.2006;    12.000;
03.06.2006;    57.600;
04.06.2006;    33.000;
05.06.2006;    22.900;
06.06.2006;    18.200;
07.06.2006;    60.300;
08.06.2006;   459.000;
09.06.2006;   249.000;
10.06.2006;    96.400;
11.06.2006;    61.600;
12.06.2006;    47.300;
13.06.2006;   163.000;
14.06.2006;   163.000;
15.06.2006;    89.200;
16.06.2006;    48.500;
17.06.2006;    37.600;
18.06.2006;    30.700;
19.06.2006;    34.100;
20.06.2006;    28.600;
21.06.2006;    21.900;
22.06.2006;    21.000;
23.06.2006;    18.200;
24.06.2006;    14.700;
25.06.2006;    12.900;
26.06.2006;    16.400;
27.06.2006;    14.700;
28.06.2006;    10.100;
29.06.2006;     7.600;
30.06.2006;     6.600;
01.07.2006;     6.100;
02.07.2006;    22.900;
03.07.2006;    23.800;
04.07.2006;    24.800;
05.07.2006;    16.400;
06.07.2006;    10.100;
07.07.2006;     9.100;
08.07.2006;     7.600;
09.07.2006;     6.100;
10.07.2006;     5.500;
11.07.2006;     5.200;
12.07.2006;    12.000;
13.07.2006;    18.200;
14.07.2006;    21.000;
15.07.2006;    29.500;
16.07.2006;    22.900;
17.07.2006;    16.400;
18.07.2006;    11.100;
19.07.2006;    11.100;
20.07.2006;    10.600;
21.07.2006;     9.100;
22.07.2006;     7.600;
23.07.2006;     6.600;
24.07.2006;     5.500;
25.07.2006;     4.900;
26.07.2006;     4.600;
27.07.2006;     4.000;
28.07.2006;     3.700;
29.07.2006;     3.700;
30.07.2006;     4.300;
01.08.2006;     4.000;
02.08.2006;     3.100;
03.08.2006;     2.500;
04.08.2006;     2.500;
05.08.2006;     2.700;
06.08.2006;     2.700;
07.08.2006;    14.700;
08.08.2006;    65.700;
09.08.2006;    49.800;
10.08.2006;    38.700;
11.08.2006;    24.800;
12.08.2006;    20.000;
13.08.2006;    23.800;
14.08.2006;    25.700;
15.08.2006;    24.800;
16.08.2006;    22.900;
17.08.2006;    18.200;
18.08.2006;    14.700;
19.08.2006;    13.800;
20.08.2006;    77.400;
21.08.2006;   128.000;
22.08.2006;    73.000;
23.08.2006;    52.300;
24.08.2006;    49.800;
25.08.2006;    37.600;
26.08.2006;    35.300;
27.08.2006;    34.100;
28.08.2006;   113.000;
29.08.2006;   113.000;
30.08.2006;    67.000;
01.09.2006;    44.800;
02.09.2006;    37.600;
03.09.2006;    31.800;
04.09.2006;    27.600;
05.09.2006;    24.800;
06.09.2006;    23.800;
07.09.2006;    42.300;
08.09.2006;    43.500;
09.09.2006;    33.000;
10.09.2006;    29.500;
11.09.2006;    25.700;
12.09.2006;    23.800;
13.09.2006;    21.000;
14.09.2006;    19.100;
15.09.2006;    16.400;
16.09.2006;    15.600;
17.09.2006;    13.800;
18.09.2006;    12.900;
19.09.2006;    11.100;
20.09.2006;    10.600;
21.09.2006;    10.100;
22.09.2006;    10.100;
23.09.2006;     9.600;
24.09.2006;     9.100;
25.09.2006;     9.100;
26.09.2006;    12.000;
27.09.2006;    12.900;
28.09.2006;    11.100;
29.09.2006;    10.100;
30.09.2006;     9.600;
01.10.2006;     9.100;
02.10.2006;     8.600;
03.10.2006;     8.100;
04.10.2006;     7.600;
05.10.2006;     7.100;
06.10.2006;     7.100;
07.10.2006;     6.600;
08.10.2006;     6.600;
09.10.2006;     6.100;
10.10.2006;     5.740;
11.10.2006;     5.390;
12.10.2006;     5.040;
13.10.2006;     4.130;
14.10.2006;     4.090;
15.10.2006;     4.040;
16.10.2006;     3.680;
17.10.2006;     3.330;
18.10.2006;     2.550;
19.10.2006;     2.320;
20.10.2006;     1.890;
21.10.2006;     1.780;
22.10.2006;     1.770;
23.10.2006;     1.760;
24.10.2006;     1.750;
25.10.2006;     1.740;
26.10.2006;     1.730;
27.10.2006;     1.720;
28.10.2006;     1.710;
29.10.2006;     1.700;
30.10.2006;     1.690;
01.11.2006;     1.670;
02.11.2006;     1.660;
03.11.2006;     1.650;
04.11.2006;     1.640;
05.11.2006;     1.630;
06.11.2006;     1.620;
07.11.2006;     1.610;
08.11.2006;     1.600;
09.11.2006;     1.590;
10.11.2006;     1.580;
11.11.2006;     1.570;
12.11.2006;     1.560;
13.11.2006;     1.550;
14.11.2006;     1.540;
15.11.2006;     1.530;
16.11.2006;     1.520;
17.11.2006;     1.510;
18.11.2006;     1.500;
19.11.2006;     1.490;
20.11.2006;     1.480;
21.11.2006;     1.470;
22.11.2006;     1.400;
23.11.2006;     1.330;
24.11.2006;     1.250;
25.11.2006;     1.180;
26.11.2006;     1.010;
27.11.2006;     0.830;
28.11.2006;     0.660;
29.11.2006;     0.480;
30.11.2006;     0.310;
01.12.2006;     0.300;
02.12.2006;     0.300;
03.12.2006;     0.290;
04.12.2006;     0.280;
05.12.2006;     0.280;
06.12.2006;     0.270;
07.12.2006;     0.260;
08.12.2006;     0.260;
09.12.2006;     0.250;
10.12.2006;     0.240;
11.12.2006;     0.240;
12.12.2006;     0.230;
13.12.2006;     0.220;
14.12.2006;     0.220;
15.12.2006;     0.210;
16.12.2006;     0.170;
17.12.2006;     0.130;
18.12.2006;     0.084;
19.12.2006;     0.042;
20.12.2006;          ;
21.12.2006;          ;
22.12.2006;          ;
23.12.2006;          ;
24.12.2006;          ;
25.12.2006;          ;
26.12.2006;          ;
27.12.2006;          ;
28.12.2006;          ;
29.12.2006;          ;
30.12.2006;          ;
01.01.2007;          ;
02.01.2007;          ;
03.01.2007;          ;
04.01.2007;          ;
05.01.2007;          ;
06.01.2007;          ;
07.01.2007;          ;
08.01.2007;          ;
09.01.2007;          ;
10.01.2007;          ;
11.01.2007;          ;
12.01.2007;          ;
13.01.2007;          ;
14.01.2007;          ;
15.01.2007;          ;
16.01.2007;          ;
17.01.2007;          ;
18.01.2007;          ;
19.01.2007;          ;
20.01.2007;          ;
21.01.2007;          ;
22.01.2007;          ;
23.01.2007;          ;
24.01.2007;          ;
25.01.2007;          ;
26.01.2007;          ;
27.01.2007;          ;
28.01.2007;          ;
29.01.2007;          ;
30.01.2007;          ;
01.02.2007;          ;
02.02.2007;          ;
03.02.2007;          ;
04.02.2007;          ;
05.02.2007;          ;
06.02.2007;          ;
07.02.2007;          ;
08.02.2007;          ;
09.02.2007;          ;
10.02.2007;          ;
11.02.2007;          ;
12.02.2007;          ;
13.02.2007;          ;
14.02.2007;          ;
15.02.2007;          ;
16.02.2007;          ;
17.02.2007;          ;
18.02.2007;          ;
19.02.2007;          ;
20.02.2007;          ;
21.02.2007;          ;
22.02.2007;          ;
23.02.2007;          ;
24.02.2007;          ;
25.02.2007;          ;
26.02.2007;          ;
27.02.2007;          ;
28.02.2007;          ;
29.02.2007;          ;
30.02.2007;          ;
01.03.2007;          ;
02.03.2007;          ;
03.03.2007;          ;
04.03.2007;          ;
05.03.2007;          ;
06.03.2007;          ;
07.03.2007;          ;
08.03.2007;          ;
09.03.2007;          ;
10.03.2007;          ;
11.03.2007;          ;
12.03.2007;          ;
13.03.2007;          ;
14.03.2007;          ;
15.03.2007;          ;
16.03.2007;          ;
17.03.2007;          ;
18.03.2007;          ;
19.03.2007;          ;
20.03.2007;          ;
21.03.2007;          ;
22.03.2007;          ;
23.03.2007;          ;
24.03.2007;          ;
25.03.2007;          ;
26.03.2007;          ;
27.03.2007;          ;
28.03.2007;          ;
29.03.2007;          ;
30.03.2007;          ;
01.04.2007;          ;
02.04.2007;          ;
03.04.2007;          ;
04.04.2007;          ;
05.04.2007;          ;
06.04.2007;          ;
07.04.2007;          ;
08.04.2007;          ;
09.04.2007;          ;
10.04.2007;          ;
11.04.2007;          ;
12.04.2007;          ;
13.04.2007;          ;
14.04.2007;     0.060;
15.04.2007;     0.220;
16.04.2007;     0.340;
17.04.2007;     0.460;
18.04.2007;     0.580;
19.04.2007;     1.160;
20.04.2007;     1.740;
21.04.2007;     2.320;
22.04.2007;     2.890;
23.04.2007;     5.670;
24.04.2007;     3.100;
25.04.2007;     2.350;
26.04.2007;     2.790;
27.04.2007;     1.860;
28.04.2007;     1.880;
29.04.2007;     2.280;
30.04.2007;     4.000;
01.05.2007;     3.400;
02.05.2007;     1.900;
03.05.2007;     2.300;
04.05.2007;     2.700;
05.05.2007;     4.000;
06.05.2007;     6.100;
07.05.2007;    14.700;
08.05.2007;     7.600;
09.05.2007;     4.600;
10.05.2007;     3.100;
11.05.2007;     3.400;
12.05.2007;    25.700;
13.05.2007;    68.500;
14.05.2007;    48.500;
15.05.2007;    19.100;
16.05.2007;    11.100;
17.05.2007;    16.400;
18.05.2007;    25.700;
19.05.2007;    21.000;
20.05.2007;    11.100;
21.05.2007;     7.100;
22.05.2007;     4.900;
23.05.2007;     3.700;
24.05.2007;    12.900;
25.05.2007;   133.000;
26.05.2007;    82.000;
27.05.2007;    44.800;
28.05.2007;    34.100;
29.05.2007;    31.800;
30.05.2007;    28.600;
01.06.2007;    21.900;
02.06.2007;    21.000;
03.06.2007;    18.200;
04.06.2007;    18.200;
05.06.2007;    33.000;
06.06.2007;    31.800;
07.06.2007;    25.700;
08.06.2007;    21.000;
09.06.2007;    17.300;
10.06.2007;    14.700;
11.06.2007;    12.900;
12.06.2007;    19.100;
13.06.2007;    22.900;
14.06.2007;    10.100;
15.06.2007;    18.200;
16.06.2007;    17.300;
17.06.2007;    12.900;
18.06.2007;    12.000;
19.06.2007;    38.700;
20.06.2007;    24.800;
21.06.2007;    21.900;
22.06.2007;    20.000;
23.06.2007;    26.700;
24.06.2007;    33.000;
25.06.2007;    30.700;
26.06.2007;    31.800;
27.06.2007;    35.300;
28.06.2007;    29.500;
29.06.2007;    25.700;
30.06.2007;    21.000;
01.07.2007;    16.400;
02.07.2007;    14.700;
03.07.2007;    12.900;
04.07.2007;    12.900;
05.07.2007;    12.900;
06.07.2007;    12.000;
07.07.2007;    11.100;
08.07.2007;    10.600;
09.07.2007;    12.900;
10.07.2007;    23.800;
11.07.2007;    29.500;
12.07.2007;    87.400;
13.07.2007;    44.800;
14.07.2007;    64.300;
15.07.2007;    94.600;
16.07.2007;   121.000;
17.07.2007;   133.000;
18.07.2007;   100.000;
19.07.2007;   104.000;
20.07.2007;    80.500;
21.07.2007;    67.000;
22.07.2007;    56.200;
23.07.2007;    51.000;
24.07.2007;    46.000;
25.07.2007;    44.800;
26.07.2007;    39.900;
27.07.2007;    37.600;
28.07.2007;    37.600;
29.07.2007;    37.600;
30.07.2007;    39.900;
01.08.2007;    35.300;
02.08.2007;    35.300;
03.08.2007;    33.000;
04.08.2007;    31.800;
05.08.2007;    31.800;
06.08.2007;    30.700;
07.08.2007;    30.700;
08.08.2007;    28.600;
09.08.2007;    27.600;
10.08.2007;    26.700;
11.08.2007;    24.800;
12.08.2007;    34.100;
13.08.2007;    46.000;
14.08.2007;    44.800;
15.08.2007;    39.900;
16.08.2007;    34.100;
17.08.2007;    31.800;
18.08.2007;    31.800;
19.08.2007;    41.000;
20.08.2007;    43.500;
21.08.2007;    41.000;
22.08.2007;    37.600;
23.08.2007;    36.400;
24.08.2007;    35.300;
25.08.2007;    35.300;
26.08.2007;    36.400;
27.08.2007;    36.400;
28.08.2007;    33.000;
29.08.2007;    30.700;
30.08.2007;    30.700;
01.09.2007;    29.500;
02.09.2007;    33.000;
03.09.2007;    35.300;
04.09.2007;    34.100;
05.09.2007;    33.000;
06.09.2007;    31.800;
07.09.2007;    31.800;
08.09.2007;    30.700;
09.09.2007;    30.700;
10.09.2007;    29.500;
11.09.2007;    30.700;
12.09.2007;    37.600;
13.09.2007;    37.600;
14.09.2007;    36.400;
15.09.2007;    35.300;
16.09.2007;    36.400;
17.09.2007;    35.300;
18.09.2007;    35.300;
19.09.2007;    34.100;
20.09.2007;    33.000;
21.09.2007;    33.000;
22.09.2007;    31.800;
23.09.2007;    31.800;
24.09.2007;    31.800;
25.09.2007;    30.700;
26.09.2007;    30.700;
27.09.2007;    31.800;
28.09.2007;    30.700;
29.09.2007;    30.700;
30.09.2007;    29.500;
01.10.2007;    34.100;
02.10.2007;    34.100;
03.10.2007;    33.000;
04.10.2007;    33.000;
05.10.2007;    33.000;
06.10.2007;    31.800;
07.10.2007;    30.700;
08.10.2007;    29.500;
09.10.2007;    28.600;
10.10.2007;    28.600;
11.10.2007;    27.600;
12.10.2007;    26.700;
13.10.2007;    26.700;
14.10.2007;    26.700;
15.10.2007;    26.700;
16.10.2007;    26.700;
17.10.2007;    25.400;
18.10.2007;    23.200;
19.10.2007;    20.600;
20.10.2007;    17.600;
21.10.2007;    15.900;
22.10.2007;    14.900;
23.10.2007;    14.400;
24.10.2007;    14.100;
25.10.2007;    13.600;
26.10.2007;    12.600;
27.10.2007;    11.200;
28.10.2007;     9.600;
29.10.2007;     8.790;
30.10.2007;     8.600;
01.11.2007;     8.180;
02.11.2007;     7.970;
03.11.2007;     7.770;
04.11.2007;     7.560;
05.11.2007;     7.350;
06.11.2007;     7.140;
07.11.2007;     6.930;
08.11.2007;     6.720;
09.11.2007;     6.520;
10.11.2007;     6.310;
11.11.2007;     6.100;
12.11.2007;     5.890;
13.11.2007;     5.680;
14.11.2007;     5.470;
15.11.2007;     5.260;
16.11.2007;     5.060;
17.11.2007;     4.850;
18.11.2007;     4.640;
19.11.2007;     4.430;
20.11.2007;     4.220;
21.11.2007;     4.010;
22.11.2007;     3.800;
23.11.2007;     3.600;
24.11.2007;     3.390;
25.11.2007;     3.180;
26.11.2007;     2.970;
27.11.2007;     2.760;
28.11.2007;     2.550;
29.11.2007;     2.350;
30.11.2007;     2.140;
01.12.2007;     1.930;
02.12.2007;     1.720;
03.12.2007;     1.510;
04.12.2007;     1.300;
05.12.2007;     1.090;
06.12.2007;     0.890;
07.12.2007;     0.680;
08.12.2007;     0.470;
09.12.2007;     0.260;
10.12.2007;     0.240;
11.12.2007;     0.220;
12.12.2007;     0.210;
13.12.2007;     0.190;
14.12.2007;     0.170;
15.12.2007;     0.150;
16.12.2007;     0.100;
17.12.2007;     0.050;
18.12.2007;          ;
19.12.2007;          ;
20.12.2007;          ;
21.12.2007;          ;
22.12.2007;          ;
23.12.2007;          ;
24.12.2007;          ;
25.12.2007;          ;
26.12.2007;          ;
27.12.2007;          ;
28.12.2007;          ;
29.12.2007;          ;
30.12.2007;          ;
01.01.2008;          ;
02.01.2008;          ;
03.01.2008;          ;
04.01.2008;          ;
05.01.2008;          ;
06.01.2008;          ;
07.01.2008;          ;
08.01.2008;          ;
09.01.2008;          ;
10.01.2008;          ;
11.01.2008;          ;
12.01.2008;          ;
13.01.2008;          ;
14.01.2008;          ;
15.01.2008;          ;
16.01.2008;          ;
17.01.2008;          ;
18.01.2008;          ;
19.01.2008;          ;
20.01.2008;          ;
21.01.2008;          ;
22.01.2008;          ;
23.01.2008;          ;
24.01.2008;          ;
25.01.2008;          ;
26.01.2008;          ;
27.01.2008;          ;
28.01.2008;          ;
29.01.2008;          ;
30.01.2008;          ;
01.02.2008;          ;
02.02.2008;          ;
03.02.2008;          ;
04.02.2008;          ;
05.02.2008;          ;
06.02.2008;          ;
07.02.2008;          ;
08.02.2008;          ;
09.02.2008;          ;
10.02.2008;          ;
11.02.2008;          ;
12.02.2008;          ;
13.02.2008;          ;
14.02.2008;          ;
15.02.2008;          ;
16.02.2008;          ;
17.02.2008;          ;
18.02.2008;          ;
19.02.2008;          ;
20.02.2008;          ;
21.02.2008;          ;
22.02.2008;          ;
23.02.2008;          ;
24.02.2008;          ;
25.02.2008;          ;
26.02.2008;          ;
27.02.2008;          ;
28.02.2008;          ;
29.02.2008;          ;
30.02.2008;          ;
01.03.2008;          ;
02.03.2008;          ;
03.03.2008;          ;
04.03.2008;          ;
05.03.2008;          ;
06.03.2008;          ;
07.03.2008;          ;
08.03.2008;          ;
09.03.2008;          ;
10.03.2008;          ;
11.03.2008;          ;
12.03.2008;          ;
13.03.2008;          ;
14.03.2008;          ;
15.03.2008;          ;
16.03.2008;          ;
17.03.2008;          ;
18.03.2008;          ;
19.03.2008;          ;
20.03.2008;          ;
21.03.2008;          ;
22.03.2008;          ;
23.03.2008;          ;
24.03.2008;          ;
25.03.2008;          ;
26.03.2008;          ;
27.03.2008;          ;
28.03.2008;          ;
29.03.2008;          ;
30.03.2008;          ;
01.04.2008;          ;
02.04.2008;     0.010;
03.04.2008;     0.040;
04.04.2008;     0.063;
05.04.2008;     0.085;
06.04.2008;     0.110;
07.04.2008;     0.130;
08.04.2008;     0.160;
09.04.2008;     0.180;
10.04.2008;     0.210;
11.04.2008;     0.230;
12.04.2008;     0.260;
13.04.2008;     0.280;
14.04.2008;     0.320;
15.04.2008;     0.360;
16.04.2008;     0.410;
17.04.2008;     0.450;
18.04.2008;     0.490;
19.04.2008;     0.530;
20.04.2008;     1.280;
21.04.2008;     1.920;
22.04.2008;     2.470;
23.04.2008;     2.990;
24.04.2008;     3.670;
25.04.2008;     3.790;
26.04.2008;     4.100;
27.04.2008;     4.420;
28.04.2008;     4.800;
29.04.2008;     5.180;
30.04.2008;     5.750;
01.05.2008;     6.730;
02.05.2008;     8.910;
03.05.2008;     9.820;
04.05.2008;    10.900;
05.05.2008;    11.400;
06.05.2008;    12.000;
07.05.2008;    12.500;
08.05.2008;    12.500;
09.05.2008;    13.100;
10.05.2008;    12.000;
11.05.2008;    11.400;
12.05.2008;    12.000;
13.05.2008;    12.000;
14.05.2008;    12.500;
15.05.2008;    13.100;
16.05.2008;    13.100;
17.05.2008;    12.500;
18.05.2008;    12.500;
19.05.2008;    13.600;
20.05.2008;    20.300;
21.05.2008;    15.300;
22.05.2008;    17.000;
23.05.2008;    15.300;
24.05.2008;    13.600;
25.05.2008;    12.500;
26.05.2008;    12.500;
27.05.2008;    11.400;
28.05.2008;    11.400;
29.05.2008;    11.400;
30.05.2008;    17.800;
01.06.2008;    32.000;
02.06.2008;    23.100;
03.06.2008;    20.300;
04.06.2008;    17.000;
05.06.2008;    17.000;
06.06.2008;    14.400;
07.06.2008;    12.500;
08.06.2008;    12.500;
09.06.2008;    11.400;
10.06.2008;     9.280;
11.06.2008;     8.740;
12.06.2008;     8.200;
13.06.2008;     7.840;
14.06.2008;     7.120;
15.06.2008;     6.040;
16.06.2008;     6.040;
17.06.2008;     6.400;
18.06.2008;     5.680;
19.06.2008;     5.680;
20.06.2008;     5.680;
21.06.2008;     5.320;
22.06.2008;     5.320;
23.06.2008;     5.320;
24.06.2008;     5.320;
25.06.2008;     5.320;
26.06.2008;     5.320;
27.06.2008;     5.320;
28.06.2008;     4.600;
29.06.2008;     4.600;
30.06.2008;     4.370;
01.07.2008;     4.130;
02.07.2008;     4.130;
03.07.2008;     3.900;
04.07.2008;     6.400;
05.07.2008;     7.480;
06.07.2008;     6.400;
07.07.2008;     5.680;
08.07.2008;     4.960;
09.07.2008;     4.960;
10.07.2008;     4.960;
11.07.2008;     4.960;
12.07.2008;     5.320;
13.07.2008;     5.680;
14.07.2008;     5.680;
15.07.2008;     5.320;
16.07.2008;     5.320;
17.07.2008;     5.680;
18.07.2008;     5.320;
19.07.2008;     4.600;
20.07.2008;     4.960;
21.07.2008;     5.320;
22.07.2008;     5.320;
23.07.2008;     5.680;
24.07.2008;     5.680;
25.07.2008;     5.320;
26.07.2008;     4.960;
27.07.2008;     4.600;
28.07.2008;     4.600;
29.07.2008;     4.600;
30.07.2008;     5.680;
01.08.2008;     6.760;
02.08.2008;     6.760;
03.08.2008;     6.400;
04.08.2008;     6.040;
05.08.2008;     6.400;
06.08.2008;     7.480;
07.08.2008;     9.280;
08.08.2008;     8.740;
09.08.2008;     8.740;
10.08.2008;     9.280;
11.08.2008;    12.000;
12.08.2008;    10.400;
13.08.2008;     9.280;
14.08.2008;     9.280;
15.08.2008;     7.480;
16.08.2008;     7.480;
17.08.2008;     7.120;
18.08.2008;     7.840;
19.08.2008;     9.280;
20.08.2008;     9.280;
21.08.2008;     8.200;
22.08.2008;     8.740;
23.08.2008;    13.100;
24.08.2008;    60.600;
25.08.2008;    56.200;
26.08.2008;    36.900;
27.08.2008;    25.300;
28.08.2008;    22.000;
29.08.2008;    21.200;
30.08.2008;    21.200;
01.09.2008;    42.100;
02.09.2008;    39.500;
03.09.2008;    30.900;
04.09.2008;    30.900;
05.09.2008;    28.700;
06.09.2008;    22.000;
07.09.2008;    24.200;
08.09.2008;    25.300;
09.09.2008;    22.000;
10.09.2008;    21.200;
11.09.2008;    21.200;
12.09.2008;    22.000;
13.09.2008;    21.200;
14.09.2008;    21.200;
15.09.2008;    20.300;
16.09.2008;    19.500;
17.09.2008;    19.500;
18.09.2008;    18.600;
19.09.2008;    18.600;
20.09.2008;    18.600;
21.09.2008;    17.800;
22.09.2008;    17.800;
23.09.2008;    18.600;
24.09.2008;    18.600;
25.09.2008;    18.600;
26.09.2008;    18.600;
27.09.2008;    17.800;
28.09.2008;    17.000;
29.09.2008;    16.100;
30.09.2008;    16.100;
01.10.2008;    16.100;
02.10.2008;    16.100;
03.10.2008;    16.100;
04.10.2008;    15.300;
05.10.2008;    15.300;
06.10.2008;    15.300;
07.10.2008;    14.400;
08.10.2008;    14.400;
09.10.2008;    14.400;
10.10.2008;    13.100;
11.10.2008;    13.100;
12.10.2008;    13.100;
13.10.2008;    13.100;
14.10.2008;    12.000;
15.10.2008;    12.000;
16.10.2008;    11.300;
17.10.2008;    11.200;
18.10.2008;    10.500;
19.10.2008;    10.400;
20.10.2008;    10.100;
21.10.2008;     9.840;
22.10.2008;     8.650;
23.10.2008;    10.200;
24.10.2008;    11.800;
25.10.2008;     9.960;
26.10.2008;     9.000;
27.10.2008;     7.590;
28.10.2008;     7.070;
29.10.2008;     5.740;
30.10.2008;     5.330;
01.11.2008;     3.190;
02.11.2008;     3.150;
03.11.2008;     3.100;
04.11.2008;     3.060;
05.11.2008;     3.020;
06.11.2008;     2.970;
07.11.2008;     2.930;
08.11.2008;     2.880;
09.11.2008;     2.840;
10.11.2008;     2.730;
11.11.2008;     2.620;
12.11.2008;     2.510;
13.11.2008;     2.400;
14.11.2008;     2.290;
15.11.2008;     2.180;
16.11.2008;     2.070;
17.11.2008;     2.030;
18.11.2008;     2.000;
19.11.2008;     1.960;
20.11.2008;     1.930;
21.11.2008;     1.890;
22.11.2008;     1.860;
23.11.2008;     1.820;
24.11.2008;     1.790;
25.11.2008;     1.750;
26.11.2008;     1.720;
27.11.2008;     1.680;
28.11.2008;     1.650;
29.11.2008;     1.610;
30.11.2008;     1.120;
01.12.2008;     0.620;
02.12.2008;     0.130;
03.12.2008;     0.065;
04.12.2008;          ;
05.12.2008;          ;
06.12.2008;          ;
07.12.2008;          ;
08.12.2008;          ;
09.12.2008;          ;
10.12.2008;          ;
11.12.2008;          ;
12.12.2008;          ;
13.12.2008;          ;
14.12.2008;          ;
15.12.2008;          ;
16.12.2008;          ;
17.12.2008;          ;
18.12.2008;          ;
19.12.2008;          ;
20.12.2008;          ;
21.12.2008;          ;
22.12.2008;          ;
23.12.2008;          ;
24.12.2008;          ;
25.12.2008;          ;
26.12.2008;          ;
27.12.2008;          ;
28.12.2008;          ;
29.12.2008;          ;
30.12.2008;          ;
01.01.2010;          ;
02.01.2010;          ;
03.01.2010;          ;
04.01.2010;          ;
05.01.2010;          ;
06.01.2010;          ;
07.01.2010;          ;
08.01.2010;          ;
09.01.2010;          ;
10.01.2010;          ;
11.01.2010;          ;
12.01.2010;          ;
13.01.2010;          ;
14.01.2010;          ;
15.01.2010;          ;
16.01.2010;          ;
17.01.2010;          ;
18.01.2010;          ;
19.01.2010;          ;
20.01.2010;          ;
21.01.2010;          ;
22.01.2010;          ;
23.01.2010;          ;
24.01.2010;          ;
25.01.2010;          ;
26.01.2010;          ;
27.01.2010;          ;
28.01.2010;          ;
29.01.2010;          ;
30.01.2010;          ;
01.02.2010;          ;
02.02.2010;          ;
03.02.2010;          ;
04.02.2010;          ;
05.02.2010;          ;
06.02.2010;          ;
07.02.2010;          ;
08.02.2010;          ;
09.02.2010;          ;
10.02.2010;          ;
11.02.2010;          ;
12.02.2010;          ;
13.02.2010;          ;
14.02.2010;          ;
15.02.2010;          ;
16.02.2010;          ;
17.02.2010;          ;
18.02.2010;          ;
19.02.2010;          ;
20.02.2010;          ;
21.02.2010;          ;
22.02.2010;          ;
23.02.2010;          ;
24.02.2010;          ;
25.02.2010;          ;
26.02.2010;          ;
27.02.2010;          ;
28.02.2010;          ;
29.02.2010;          ;
30.02.2010;          ;
01.03.2010;          ;
02.03.2010;          ;
03.03.2010;          ;
04.03.2010;          ;
05.03.2010;          ;
06.03.2010;          ;
07.03.2010;          ;
08.03.2010;          ;
09.03.2010;          ;
10.03.2010;          ;
11.03.2010;          ;
12.03.2010;          ;
13.03.2010;          ;
14.03.2010;          ;
15.03.2010;          ;
16.03.2010;          ;
17.03.2010;          ;
18.03.2010;          ;
19.03.2010;          ;
20.03.2010;          ;
21.03.2010;          ;
22.03.2010;          ;
23.03.2010;          ;
24.03.2010;          ;
25.03.2010;          ;
26.03.2010;          ;
27.03.2010;          ;
28.03.2010;          ;
29.03.2010;          ;
30.03.2010;          ;
01.04.2010;          ;
02.04.2010;          ;
03.04.2010;          ;
04.04.2010;          ;
05.04.2010;          ;
06.04.2010;          ;
07.04.2010;          ;
08.04.2010;          ;
09.04.2010;          ;
10.04.2010;          ;
11.04.2010;          ;
12.04.2010;          ;
13.04.2010;          ;
14.04.2010;          ;
15.04.2010;          ;
16.04.2010;          ;
17.04.2010;          ;
18.04.2010;          ;
19.04.2010;          ;
20.04.2010;          ;
21.04.2010;          ;
22.04.2010;          ;
23.04.2010;     0.220;
24.04.2010;     2.650;
25.04.2010;     7.340;
26.04.2010;    12.000;
27.04.2010;    16.700;
28.04.2010;    21.400;
29.04.2010;    27.300;
30.04.2010;    32.500;
01.05.2010;    23.800;
02.05.2010;    14.300;
03.05.2010;    18.100;
04.05.2010;    17.700;
05.05.2010;    20.800;
06.05.2010;    21.000;
07.05.2010;    21.300;
08.05.2010;    22.500;
09.05.2010;    22.700;
10.05.2010;    22.700;
11.05.2010;    20.600;
12.05.2010;    17.300;
13.05.2010;    17.300;
14.05.2010;    17.900;
15.05.2010;    20.600;
16.05.2010;    20.600;
17.05.2010;    17.900;
18.05.2010;    14.600;
19.05.2010;    18.600;
20.05.2010;    28.800;
21.05.2010;    31.300;
22.05.2010;    55.600;
23.05.2010;    79.000;
24.05.2010;    48.500;
25.05.2010;    22.700;
26.05.2010;    17.900;
27.05.2010;    15.300;
28.05.2010;    14.000;
29.05.2010;    12.700;
30.05.2010;    12.000;
01.06.2010;    12.700;
02.06.2010;    15.300;
03.06.2010;    17.900;
04.06.2010;    44.200;
05.06.2010;    17.300;
06.06.2010;    12.000;
07.06.2010;     9.580;
08.06.2010;    13.300;
09.06.2010;    28.800;
10.06.2010;    11.200;
11.06.2010;     7.960;
12.06.2010;     7.720;
13.06.2010;     7.960;
14.06.2010;     8.360;
15.06.2010;     9.980;
16.06.2010;    12.700;
17.06.2010;    11.600;
18.06.2010;    11.600;
19.06.2010;    11.600;
20.06.2010;    11.600;
21.06.2010;    10.400;
22.06.2010;     9.170;
23.06.2010;     8.360;
24.06.2010;     7.960;
25.06.2010;     7.960;
26.06.2010;     7.720;
27.06.2010;     8.360;
28.06.2010;     8.360;
29.06.2010;     8.360;
30.06.2010;     7.720;
01.07.2010;     7.720;
02.07.2010;     9.170;
03.07.2010;    12.700;
04.07.2010;    14.600;
05.07.2010;    12.000;
06.07.2010;    12.000;
07.07.2010;    12.700;
08.07.2010;    12.700;
09.07.2010;    12.700;
10.07.2010;    12.700;
11.07.2010;    12.700;
12.07.2010;    12.000;
13.07.2010;    12.000;
14.07.2010;    12.000;
15.07.2010;    12.700;
16.07.2010;    13.300;
17.07.2010;    13.300;
18.07.2010;    12.700;
19.07.2010;    12.700;
20.07.2010;    12.700;
21.07.2010;    10.800;
22.07.2010;    10.800;
23.07.2010;    10.800;
24.07.2010;     9.980;
25.07.2010;     9.170;
26.07.2010;    10.400;
27.07.2010;    13.300;
28.07.2010;    19.600;
29.07.2010;    16.600;
30.07.2010;    16.600;
01.08.2010;    30.100;
02.08.2010;    24.700;
03.08.2010;    19.600;
04.08.2010;    17.900;
05.08.2010;    16.000;
06.08.2010;    14.600;
07.08.2010;    14.000;
08.08.2010;    13.300;
09.08.2010;    13.300;
10.08.2010;    13.300;
11.08.2010;    14.000;
12.08.2010;    17.900;
13.08.2010;    21.700;
14.08.2010;    20.600;
15.08.2010;    18.600;
16.08.2010;    17.300;
17.08.2010;    16.000;
18.08.2010;    14.600;
19.08.2010;    13.300;
20.08.2010;    14.600;
21.08.2010;    16.000;
22.08.2010;    16.000;
23.08.2010;    16.600;
24.08.2010;    16.000;
25.08.2010;    14.000;
26.08.2010;    13.300;
27.08.2010;    12.700;
28.08.2010;    12.000;
29.08.2010;    11.600;
30.08.2010;    11.600;
01.09.2010;    12.000;
02.09.2010;    12.700;
03.09.2010;    12.700;
04.09.2010;    11.600;
05.09.2010;    11.600;
06.09.2010;    11.200;
07.09.2010;    11.200;
08.09.2010;    11.200;
09.09.2010;    11.200;
10.09.2010;    10.400;
11.09.2010;    10.400;
12.09.2010;    10.400;
13.09.2010;     9.980;
14.09.2010;    10.400;
15.09.2010;    10.800;
16.09.2010;    11.600;
17.09.2010;    11.600;
18.09.2010;    11.200;
19.09.2010;    11.600;
20.09.2010;    12.000;
21.09.2010;    12.000;
22.09.2010;    10.800;
23.09.2010;    10.800;
24.09.2010;    10.400;
25.09.2010;    10.400;
26.09.2010;    10.400;
27.09.2010;    10.400;
28.09.2010;     9.980;
29.09.2010;     9.980;
30.09.2010;     9.580;
01.10.2010;     9.980;
02.10.2010;     9.980;
03.10.2010;     9.980;
04.10.2010;     9.980;
05.10.2010;     9.580;
06.10.2010;     9.170;
07.10.2010;     9.170;
08.10.2010;     8.770;
09.10.2010;     9.580;
10.10.2010;     9.580;
11.10.2010;     9.580;
12.10.2010;     8.770;
13.10.2010;     8.710;
14.10.2010;     8.640;
15.10.2010;     8.580;
16.10.2010;     8.510;
17.10.2010;     8.450;
18.10.2010;     8.380;
19.10.2010;     8.320;
20.10.2010;     8.250;
21.10.2010;     8.190;
22.10.2010;     8.130;
23.10.2010;     8.060;
24.10.2010;     7.820;
25.10.2010;     7.570;
26.10.2010;     7.330;
27.10.2010;     7.080;
28.10.2010;     6.840;
29.10.2010;     6.590;
30.10.2010;     6.350;
01.11.2010;     5.860;
02.11.2010;     5.610;
03.11.2010;     5.370;
04.11.2010;     5.120;
05.11.2010;     4.880;
06.11.2010;     4.630;
07.11.2010;     4.390;
08.11.2010;     4.140;
09.11.2010;     3.900;
10.11.2010;     3.650;
11.11.2010;     3.410;
12.11.2010;     3.160;
13.11.2010;     2.920;
14.11.2010;     2.670;
15.11.2010;     2.430;
16.11.2010;     2.180;
17.11.2010;     2.120;
18.11.2010;     2.060;
19.11.2010;     2.000;
20.11.2010;     1.940;
21.11.2010;     1.880;
22.11.2010;     1.820;
23.11.2010;     1.760;
24.11.2010;     1.700;
25.11.2010;     1.640;
26.11.2010;     1.490;
27.11.2010;     1.330;
28.11.2010;     1.180;
29.11.2010;     1.020;
30.11.2010;     0.870;
01.12.2010;     0.810;
02.12.2010;     0.740;
03.12.2010;     0.680;
04.12.2010;     0.610;
05.12.2010;     0.550;
06.12.2010;     0.480;
07.12.2010;     0.420;
08.12.2010;     0.350;
09.12.2010;     0.290;
10.12.2010;     0.220;
11.12.2010;     0.200;
12.12.2010;     0.180;
13.12.2010;     0.160;
14.12.2010;     0.140;
15.12.2010;     0.120;
16.12.2010;     0.100;
17.12.2010;     0.080;
18.12.2010;     0.060;
19.12.2010;     0.040;
20.12.2010;     0.020;
21.12.2010;          ;
22.12.2010;          ;
23.12.2010;          ;
24.12.2010;          ;
25.12.2010;          ;
26.12.2010;          ;
27.12.2010;          ;
28.12.2010;          ;
29.12.2010;          ;
30.12.2010;          ;
01.01.2011;          ;
02.01.2011;          ;
03.01.2011;          ;
04.01.2011;          ;
05.01.2011;          ;
06.01.2011;          ;
07.01.2011;          ;
08.01.2011;          ;
09.01.2011;          ;
10.01.2011;          ;
11.01.2011;          ;
12.01.2011;          ;
13.01.2011;          ;
14.01.2011;          ;
15.01.2011;          ;
16.01.2011;          ;
17.01.2011;          ;
18.01.2011;          ;
19.01.2011;          ;
20.01.2011;          ;
21.01.2011;          ;
22.01.2011;          ;
23.01.2011;          ;
24.01.2011;          ;
25.01.2011;          ;
26.01.2011;          ;
27.01.2011;          ;
28.01.2011;          ;
29.01.2011;          ;
30.01.2011;          ;
01.02.2011;          ;
02.02.2011;          ;
03.02.2011;          ;
04.02.2011;          ;
05.02.2011;          ;
06.02.2011;          ;
07.02.2011;          ;
08.02.2011;          ;
09.02.2011;          ;
10.02.2011;          ;
11.02.2011;          ;
12.02.2011;          ;
13.02.2011;          ;
14.02.2011;          ;
15.02.2011;          ;
16.02.2011;          ;
17.02.2011;          ;
18.02.2011;          ;
19.02.2011;          ;
20.02.2011;          ;
21.02.2011;          ;
22.02.2011;          ;
23.02.2011;          ;
24.02.2011;          ;
25.02.2011;          ;
26.02.2011;          ;
27.02.2011;          ;
28.02.2011;          ;
29.02.2011;          ;
30.02.2011;          ;
01.03.2011;          ;
02.03.2011;          ;
03.03.2011;          ;
04.03.2011;          ;
05.03.2011;          ;
06.03.2011;          ;
07.03.2011;          ;
08.03.2011;          ;
09.03.2011;          ;
10.03.2011;          ;
11.03.2011;          ;
12.03.2011;          ;
13.03.2011;          ;
14.03.2011;          ;
15.03.2011;          ;
16.03.2011;          ;
17.03.2011;          ;
18.03.2011;          ;
19.03.2011;          ;
20.03.2011;          ;
21.03.2011;          ;
22.03.2011;          ;
23.03.2011;          ;
24.03.2011;          ;
25.03.2011;          ;
26.03.2011;          ;
27.03.2011;          ;
28.03.2011;          ;
29.03.2011;          ;
30.03.2011;          ;
01.04.2011;          ;
02.04.2011;          ;
03.04.2011;          ;
04.04.2011;          ;
05.04.2011;          ;
06.04.2011;          ;
07.04.2011;          ;
08.04.2011;          ;
09.04.2011;          ;
10.04.2011;     0.180;
11.04.2011;     0.230;
12.04.2011;     0.270;
13.04.2011;     0.320;
14.04.2011;     0.360;
15.04.2011;     0.410;
16.04.2011;     0.680;
17.04.2011;     0.960;
18.04.2011;     1.230;
19.04.2011;     1.510;
20.04.2011;     1.780;
21.04.2011;     2.510;
22.04.2011;     3.390;
23.04.2011;     4.060;
24.04.2011;     4.850;
25.04.2011;     6.230;
26.04.2011;     6.880;
27.04.2011;     7.660;
28.04.2011;     8.640;
29.04.2011;     9.050;
30.04.2011;     9.570;
01.05.2011;     9.580;
02.05.2011;     9.780;
03.05.2011;    10.400;
04.05.2011;    10.400;
05.05.2011;     9.580;
06.05.2011;     8.360;
07.05.2011;     8.360;
08.05.2011;     8.360;
09.05.2011;     8.770;
10.05.2011;    11.200;
11.05.2011;    15.300;
12.05.2011;    24.700;
13.05.2011;    21.700;
14.05.2011;    15.300;
15.05.2011;    12.000;
16.05.2011;    10.800;
17.05.2011;    10.400;
18.05.2011;     9.580;
19.05.2011;     9.980;
20.05.2011;    11.200;
21.05.2011;    12.000;
22.05.2011;    11.600;
23.05.2011;    12.000;
24.05.2011;    17.300;
25.05.2011;    16.000;
26.05.2011;    14.600;
27.05.2011;    13.300;
28.05.2011;    13.300;
29.05.2011;    17.900;
30.05.2011;    30.100;
01.06.2011;    62.200;
02.06.2011;    93.000;
03.06.2011;    62.200;
04.06.2011;    55.600;
05.06.2011;    30.100;
06.06.2011;    20.600;
07.06.2011;    19.600;
08.06.2011;    33.800;
09.06.2011;    44.200;
10.06.2011;    25.700;
11.06.2011;    22.700;
12.06.2011;    17.900;
13.06.2011;    15.300;
14.06.2011;    14.000;
15.06.2011;    12.700;
16.06.2011;    13.300;
17.06.2011;    12.000;
18.06.2011;    11.200;
19.06.2011;    11.200;
20.06.2011;    10.400;
21.06.2011;    11.600;
22.06.2011;    13.300;
23.06.2011;    14.600;
24.06.2011;    11.600;
25.06.2011;    11.200;
26.06.2011;    10.400;
27.06.2011;     9.580;
28.06.2011;     9.170;
29.06.2011;    12.000;
30.06.2011;    19.600;
01.07.2011;    22.700;
02.07.2011;    18.600;
03.07.2011;    16.000;
04.07.2011;    12.700;
05.07.2011;    11.200;
06.07.2011;     9.980;
07.07.2011;     9.980;
08.07.2011;    10.800;
09.07.2011;    11.200;
10.07.2011;    10.800;
11.07.2011;     9.980;
12.07.2011;     9.580;
13.07.2011;     9.980;
14.07.2011;     9.980;
15.07.2011;    10.400;
16.07.2011;    11.200;
17.07.2011;    12.700;
18.07.2011;    12.000;
19.07.2011;    10.400;
20.07.2011;     9.980;
21.07.2011;     9.580;
22.07.2011;     9.170;
23.07.2011;     9.580;
24.07.2011;     9.580;
25.07.2011;     9.170;
26.07.2011;    12.700;
27.07.2011;    14.000;
28.07.2011;    16.600;
29.07.2011;    17.300;
30.07.2011;    17.300;
01.08.2011;    28.800;
02.08.2011;    33.800;
03.08.2011;    44.200;
04.08.2011;    47.000;
05.08.2011;    36.300;
06.08.2011;    30.100;
07.08.2011;    27.800;
08.08.2011;    23.700;
09.08.2011;    21.700;
10.08.2011;    20.600;
11.08.2011;    17.900;
12.08.2011;    18.600;
13.08.2011;    20.600;
14.08.2011;    21.700;
15.08.2011;    21.700;
16.08.2011;    18.600;
17.08.2011;    17.300;
18.08.2011;    16.000;
19.08.2011;    15.300;
20.08.2011;    15.300;
21.08.2011;    14.600;
22.08.2011;    14.000;
23.08.2011;    13.300;
24.08.2011;    13.300;
25.08.2011;    13.300;
26.08.2011;    12.700;
27.08.2011;    13.300;
28.08.2011;    13.300;
29.08.2011;    12.700;
30.08.2011;    12.700;
01.09.2011;    11.600;
02.09.2011;    11.600;
03.09.2011;    11.600;
04.09.2011;    11.200;
05.09.2011;    11.200;
06.09.2011;    11.600;
07.09.2011;    11.600;
08.09.2011;    11.600;
09.09.2011;    11.600;
10.09.2011;    11.600;
11.09.2011;    12.000;
12.09.2011;    12.000;
13.09.2011;    11.600;
14.09.2011;    11.600;
15.09.2011;    12.000;
16.09.2011;    12.000;
17.09.2011;    11.600;
18.09.2011;    11.600;
19.09.2011;    11.200;
20.09.2011;    11.200;
21.09.2011;    11.200;
22.09.2011;    10.800;
23.09.2011;    10.800;
24.09.2011;    10.800;
25.09.2011;    10.800;
26.09.2011;    10.800;
27.09.2011;    10.800;
28.09.2011;    10.400;
29.09.2011;    10.400;
30.09.2011;    10.400;
01.10.2011;     9.980;
02.10.2011;     9.980;
03.10.2011;     9.980;
04.10.2011;     9.580;
05.10.2011;     9.580;
06.10.2011;     9.170;
07.10.2011;     9.170;
08.10.2011;     9.170;
09.10.2011;     8.770;
10.10.2011;     8.770;
11.10.2011;     8.770;
12.10.2011;     9.170;
13.10.2011;     9.170;
14.10.2011;     8.770;
15.10.2011;     9.170;
16.10.2011;     9.100;
17.10.2011;     9.610;
18.10.2011;     9.520;
19.10.2011;     8.530;
20.10.2011;     6.840;
21.10.2011;     6.790;
22.10.2011;     6.500;
23.10.2011;     6.180;
24.10.2011;     5.860;
25.10.2011;     5.540;
26.10.2011;     5.210;
27.10.2011;     4.890;
28.10.2011;     4.570;
29.10.2011;     4.250;
30.10.2011;     3.970;
01.11.2011;     3.410;
02.11.2011;     3.140;
03.11.2011;     2.860;
04.11.2011;     2.580;
05.11.2011;     2.300;
06.11.2011;     2.230;
07.11.2011;     2.160;
08.11.2011;     2.080;
09.11.2011;     2.010;
10.11.2011;     1.940;
11.11.2011;     1.870;
12.11.2011;     1.800;
13.11.2011;     1.720;
14.11.2011;     1.650;
15.11.2011;     1.580;
16.11.2011;     1.510;
17.11.2011;     1.450;
18.11.2011;     1.380;
19.11.2011;     1.310;
20.11.2011;     1.250;
21.11.2011;     1.180;
22.11.2011;     1.110;
23.11.2011;     1.040;
24.11.2011;     0.980;
25.11.2011;     0.910;
26.11.2011;     0.850;
27.11.2011;     0.800;
28.11.2011;     0.740;
29.11.2011;     0.680;
30.11.2011;     0.630;
01.12.2011;     0.570;
02.12.2011;     0.510;
03.12.2011;     0.460;
04.12.2011;     0.400;
05.12.2011;     0.340;
06.12.2011;     0.280;
07.12.2011;     0.230;
08.12.2011;     0.170;
09.12.2011;     0.110;
10.12.2011;     0.057;
11.12.2011;          ;
12.12.2011;          ;
13.12.2011;          ;
14.12.2011;          ;
15.12.2011;          ;
16.12.2011;          ;
17.12.2011;          ;
18.12.2011;          ;
19.12.2011;          ;
20.12.2011;          ;
21.12.2011;          ;
22.12.2011;          ;
23.12.2011;          ;
24.12.2011;          ;
25.12.2011;          ;
26.12.2011;          ;
27.12.2011;          ;
28.12.2011;          ;
29.12.2011;          ;
30.12.2011;          ;
01.01.2012;          ;
02.01.2012;          ;
03.01.2012;          ;
04.01.2012;          ;
05.01.2012;          ;
06.01.2012;          ;
07.01.2012;          ;
08.01.2012;          ;
09.01.2012;          ;
10.01.2012;          ;
11.01.2012;          ;
12.01.2012;          ;
13.01.2012;          ;
14.01.2012;          ;
15.01.2012;          ;
16.01.2012;          ;
17.01.2012;          ;
18.01.2012;          ;
19.01.2012;          ;
20.01.2012;          ;
21.01.2012;          ;
22.01.2012;          ;
23.01.2012;          ;
24.01.2012;          ;
25.01.2012;          ;
26.01.2012;          ;
27.01.2012;          ;
28.01.2012;          ;
29.01.2012;          ;
30.01.2012;          ;
01.02.2012;          ;
02.02.2012;          ;
03.02.2012;          ;
04.02.2012;          ;
05.02.2012;          ;
06.02.2012;          ;
07.02.2012;          ;
08.02.2012;          ;
09.02.2012;          ;
10.02.2012;          ;
11.02.2012;          ;
12.02.2012;          ;
13.02.2012;          ;
14.02.2012;          ;
15.02.2012;          ;
16.02.2012;          ;
17.02.2012;          ;
18.02.2012;          ;
19.02.2012;          ;
20.02.2012;          ;
21.02.2012;          ;
22.02.2012;          ;
23.02.2012;          ;
24.02.2012;          ;
25.02.2012;          ;
26.02.2012;          ;
27.02.2012;          ;
28.02.2012;          ;
29.02.2012;          ;
30.02.2012;          ;
01.03.2012;          ;
02.03.2012;          ;
03.03.2012;          ;
04.03.2012;          ;
05.03.2012;          ;
06.03.2012;          ;
07.03.2012;          ;
08.03.2012;          ;
09.03.2012;          ;
10.03.2012;          ;
11.03.2012;          ;
12.03.2012;          ;
13.03.2012;          ;
14.03.2012;          ;
15.03.2012;          ;
16.03.2012;          ;
17.03.2012;          ;
18.03.2012;          ;
19.03.2012;          ;
20.03.2012;          ;
21.03.2012;          ;
22.03.2012;          ;
23.03.2012;          ;
24.03.2012;          ;
25.03.2012;          ;
26.03.2012;          ;
27.03.2012;          ;
28.03.2012;          ;
29.03.2012;          ;
30.03.2012;          ;
01.04.2012;          ;
02.04.2012;          ;
03.04.2012;          ;
04.04.2012;          ;
05.04.2012;          ;
06.04.2012;          ;
07.04.2012;          ;
08.04.2012;          ;
09.04.2012;          ;
10.04.2012;          ;
11.04.2012;          ;
12.04.2012;          ;
13.04.2012;          ;
14.04.2012;          ;
15.04.2012;          ;
16.04.2012;          ;
17.04.2012;          ;
18.04.2012;          ;
19.04.2012;          ;
20.04.2012;     0.830;
21.04.2012;     1.650;
22.04.2012;     2.370;
23.04.2012;     3.090;
24.04.2012;     3.370;
25.04.2012;     3.640;
26.04.2012;     3.920;
27.04.2012;     4.290;
28.04.2012;     4.780;
29.04.2012;     5.500;
30.04.2012;     5.680;
01.05.2012;     6.270;
02.05.2012;     6.940;
03.05.2012;     7.520;
04.05.2012;     8.890;
05.05.2012;     9.980;
06.05.2012;    10.400;
07.05.2012;    11.200;
08.05.2012;    11.200;
09.05.2012;    11.200;
10.05.2012;     9.980;
11.05.2012;     9.580;
12.05.2012;     8.360;
13.05.2012;     8.360;
14.05.2012;     8.770;
15.05.2012;     7.960;
16.05.2012;     8.360;
17.05.2012;     8.770;
18.05.2012;     8.770;
19.05.2012;     9.580;
20.05.2012;     9.580;
21.05.2012;     9.980;
22.05.2012;    10.400;
23.05.2012;    12.000;
24.05.2012;    25.700;
25.05.2012;    18.600;
26.05.2012;    17.300;
27.05.2012;    14.000;
28.05.2012;    12.700;
29.05.2012;    11.600;
30.05.2012;     9.980;
01.06.2012;     9.580;
02.06.2012;     9.170;
03.06.2012;     9.170;
04.06.2012;     8.770;
05.06.2012;     8.770;
06.06.2012;     8.770;
07.06.2012;     8.360;
08.06.2012;    55.100;
09.06.2012;    82.400;
10.06.2012;    38.800;
11.06.2012;    47.000;
12.06.2012;    67.100;
13.06.2012;    45.600;
14.06.2012;    36.300;
15.06.2012;    27.800;
16.06.2012;    24.700;
17.06.2012;    18.600;
18.06.2012;    14.600;
19.06.2012;    14.000;
20.06.2012;    12.700;
21.06.2012;    11.600;
22.06.2012;    10.800;
23.06.2012;    10.800;
24.06.2012;    14.600;
25.06.2012;    22.700;
26.06.2012;    40.100;
27.06.2012;    52.700;
28.06.2012;    36.300;
29.06.2012;    26.800;
30.06.2012;    21.700;
01.07.2012;    32.600;
02.07.2012;    84.200;
03.07.2012;    91.300;
04.07.2012;    54.200;
05.07.2012;    35.100;
06.07.2012;    33.800;
07.07.2012;    54.200;
08.07.2012;    45.600;
09.07.2012;    36.300;
10.07.2012;    52.700;
11.07.2012;    75.500;
12.07.2012;    84.200;
13.07.2012;    75.500;
14.07.2012;    67.100;
15.07.2012;    52.700;
16.07.2012;    55.600;
17.07.2012;    30.100;
18.07.2012;    32.600;
19.07.2012;    47.000;
20.07.2012;    36.300;
21.07.2012;    35.100;
22.07.2012;    50.000;
23.07.2012;   147.000;
24.07.2012;   224.000;
25.07.2012;   134.000;
26.07.2012;    73.700;
27.07.2012;    54.200;
28.07.2012;    45.600;
29.07.2012;    37.600;
30.07.2012;    31.300;
01.08.2012;    21.700;
02.08.2012;    17.300;
03.08.2012;    15.300;
04.08.2012;    12.700;
05.08.2012;    11.200;
06.08.2012;    10.800;
07.08.2012;    12.700;
08.08.2012;    47.000;
09.08.2012;    75.500;
10.08.2012;    62.200;
11.08.2012;    54.200;
12.08.2012;    38.800;
13.08.2012;    31.300;
14.08.2012;    24.700;
15.08.2012;    19.600;
16.08.2012;    16.000;
17.08.2012;    14.600;
18.08.2012;    17.300;
19.08.2012;    16.600;
20.08.2012;    16.600;
21.08.2012;    50.000;
22.08.2012;    77.200;
23.08.2012;    52.700;
24.08.2012;    45.600;
25.08.2012;    60.500;
26.08.2012;    52.700;
27.08.2012;    40.100;
28.08.2012;    38.800;
29.08.2012;    52.700;
30.08.2012;    67.100;
01.09.2012;    45.600;
02.09.2012;    58.900;
03.09.2012;    47.000;
04.09.2012;    33.800;
05.09.2012;    36.300;
06.09.2012;    38.800;
07.09.2012;    35.100;
08.09.2012;    26.800;
09.09.2012;    21.700;
10.09.2012;    23.700;
11.09.2012;    17.900;
12.09.2012;    15.300;
13.09.2012;    14.000;
14.09.2012;    14.000;
15.09.2012;    13.300;
16.09.2012;    12.700;
17.09.2012;    12.000;
18.09.2012;    12.000;
19.09.2012;    12.000;
20.09.2012;    11.600;
21.09.2012;    11.200;
22.09.2012;    11.200;
23.09.2012;    11.200;
24.09.2012;    11.200;
25.09.2012;    10.800;
26.09.2012;    10.800;
27.09.2012;    14.000;
28.09.2012;    20.600;
29.09.2012;    16.000;
30.09.2012;    14.600;
01.10.2012;    13.300;
02.10.2012;    12.700;
03.10.2012;    12.000;
04.10.2012;    11.200;
05.10.2012;    10.800;
06.10.2012;    10.800;
07.10.2012;    10.800;
08.10.2012;    10.400;
09.10.2012;    10.400;
10.10.2012;     9.990;
11.10.2012;     9.580;
12.10.2012;     9.160;
13.10.2012;     8.750;
14.10.2012;     8.340;
15.10.2012;     8.080;
16.10.2012;     7.810;
17.10.2012;     7.550;
18.10.2012;     7.290;
19.10.2012;     7.030;
20.10.2012;     6.760;
21.10.2012;     6.500;
22.10.2012;     6.240;
23.10.2012;     5.970;
24.10.2012;     5.710;
25.10.2012;     5.450;
26.10.2012;     5.180;
27.10.2012;     4.920;
28.10.2012;     4.660;
29.10.2012;     4.390;
30.10.2012;     4.200;
01.11.2012;     3.830;
02.11.2012;     3.650;
03.11.2012;     3.460;
04.11.2012;     3.270;
05.11.2012;     3.090;
06.11.2012;     2.900;
07.11.2012;     2.720;
08.11.2012;     2.530;
09.11.2012;     2.340;
10.11.2012;     2.160;
11.11.2012;     1.970;
12.11.2012;     1.790;
13.11.2012;     1.600;
14.11.2012;     1.530;
15.11.2012;     1.450;
16.11.2012;     1.380;
17.11.2012;     1.310;
18.11.2012;     1.240;
19.11.2012;     1.160;
20.11.2012;     1.090;
21.11.2012;     1.070;
22.11.2012;     1.050;
23.11.2012;     1.030;
24.11.2012;     1.010;
25.11.2012;     0.990;
26.11.2012;     0.980;
27.11.2012;     0.960;
28.11.2012;     0.940;
29.11.2012;     0.920;
30.11.2012;     0.900;
01.12.2012;     0.880;
02.12.2012;     0.860;
03.12.2012;     0.840;
04.12.2012;     0.820;
05.12.2012;     0.800;
06.12.2012;     0.780;
07.12.2012;     0.770;
08.12.2012;     0.750;
09.12.2012;     0.730;
10.12.2012;     0.710;
11.12.2012;     0.690;
12.12.2012;     0.670;
13.12.2012;     0.650;
14.12.2012;     0.620;
15.12.2012;     0.600;
16.12.2012;     0.570;
17.12.2012;     0.550;
18.12.2012;     0.520;
19.12.2012;     0.430;
20.12.2012;     0.350;
21.12.2012;     0.260;
22.12.2012;     0.170;
23.12.2012;     0.087;
24.12.2012;          ;
25.12.2012;          ;
26.12.2012;          ;
27.12.2012;          ;
28.12.2012;          ;
29.12.2012;          ;
30.12.2012;          ;
01.01.2013;          ;
02.01.2013;          ;
03.01.2013;          ;
04.01.2013;          ;
05.01.2013;          ;
06.01.2013;          ;
07.01.2013;          ;
08.01.2013;          ;
09.01.2013;          ;
10.01.2013;          ;
11.01.2013;          ;
12.01.2013;          ;
13.01.2013;          ;
14.01.2013;          ;
15.01.2013;          ;
16.01.2013;          ;
17.01.2013;          ;
18.01.2013;          ;
19.01.2013;          ;
20.01.2013;          ;
21.01.2013;          ;
22.01.2013;          ;
23.01.2013;          ;
24.01.2013;          ;
25.01.2013;          ;
26.01.2013;          ;
27.01.2013;          ;
28.01.2013;          ;
29.01.2013;          ;
30.01.2013;          ;
01.02.2013;          ;
02.02.2013;          ;
03.02.2013;          ;
04.02.2013;          ;
05.02.2013;          ;
06.02.2013;          ;
07.02.2013;          ;
08.02.2013;          ;
09.02.2013;          ;
10.02.2013;          ;
11.02.2013;          ;
12.02.2013;          ;
13.02.2013;          ;
14.02.2013;          ;
15.02.2013;          ;
16.02.2013;          ;
17.02.2013;          ;
18.02.2013;          ;
19.02.2013;          ;
20.02.2013;          ;
21.02.2013;          ;
22.02.2013;          ;
23.02.2013;          ;
24.02.2013;          ;
25.02.2013;          ;
26.02.2013;          ;
27.02.2013;          ;
28.02.2013;          ;
29.02.2013;          ;
30.02.2013;          ;
01.03.2013;          ;
02.03.2013;          ;
03.03.2013;          ;
04.03.2013;          ;
05.03.2013;          ;
06.03.2013;          ;
07.03.2013;          ;
08.03.2013;          ;
09.03.2013;          ;
10.03.2013;          ;
11.03.2013;          ;
12.03.2013;          ;
13.03.2013;          ;
14.03.2013;          ;
15.03.2013;          ;
16.03.2013;          ;
17.03.2013;          ;
18.03.2013;          ;
19.03.2013;          ;
20.03.2013;          ;
21.03.2013;          ;
22.03.2013;          ;
23.03.2013;          ;
24.03.2013;          ;
25.03.2013;          ;
26.03.2013;          ;
27.03.2013;          ;
28.03.2013;          ;
29.03.2013;          ;
30.03.2013;          ;
01.04.2013;          ;
02.04.2013;          ;
03.04.2013;          ;
04.04.2013;          ;
05.04.2013;          ;
06.04.2013;          ;
07.04.2013;          ;
08.04.2013;          ;
09.04.2013;          ;
10.04.2013;          ;
11.04.2013;          ;
12.04.2013;          ;
13.04.2013;          ;
14.04.2013;          ;
15.04.2013;     0.033;
16.04.2013;     0.130;
17.04.2013;     0.510;
18.04.2013;     0.890;
19.04.2013;     1.510;
20.04.2013;     2.140;
21.04.2013;     2.760;
22.04.2013;     3.380;
23.04.2013;     4.190;
24.04.2013;     5.000;
25.04.2013;     5.810;
26.04.2013;     6.590;
27.04.2013;     7.500;
28.04.2013;     9.710;
29.04.2013;    17.100;
30.04.2013;    35.500;
01.05.2013;    54.000;
02.05.2013;    72.400;
03.05.2013;    66.300;
04.05.2013;    57.500;
05.05.2013;    37.600;
06.05.2013;    28.200;
07.05.2013;    23.500;
08.05.2013;    20.600;
09.05.2013;    17.300;
10.05.2013;    12.700;
11.05.2013;    26.800;
12.05.2013;    47.000;
13.05.2013;    47.000;
14.05.2013;    37.600;
15.05.2013;    30.100;
16.05.2013;    14.600;
17.05.2013;    12.700;
18.05.2013;   198.000;
19.05.2013;    96.800;
20.05.2013;    63.800;
21.05.2013;    75.500;
22.05.2013;    77.200;
23.05.2013;    37.600;
24.05.2013;    23.700;
25.05.2013;    15.300;
26.05.2013;    11.200;
27.05.2013;     9.170;
28.05.2013;    10.400;
29.05.2013;    35.100;
30.05.2013;    68.700;
01.06.2013;    10.800;
02.06.2013;     9.580;
03.06.2013;     8.360;
04.06.2013;     7.720;
05.06.2013;     7.240;
06.06.2013;     6.520;
07.06.2013;     6.040;
08.06.2013;     5.800;
09.06.2013;     5.560;
10.06.2013;     5.560;
11.06.2013;     5.400;
12.06.2013;     5.240;
13.06.2013;     5.400;
14.06.2013;     5.560;
15.06.2013;     5.240;
16.06.2013;     5.240;
17.06.2013;     5.080;
18.06.2013;     5.080;
19.06.2013;     5.240;
20.06.2013;     6.520;
21.06.2013;     8.770;
22.06.2013;     7.720;
23.06.2013;     7.480;
24.06.2013;     6.040;
25.06.2013;     5.800;
26.06.2013;     6.760;
27.06.2013;    11.200;
28.06.2013;     9.980;
29.06.2013;     9.170;
30.06.2013;     9.580;
01.07.2013;     9.980;
02.07.2013;     9.170;
03.07.2013;    16.600;
04.07.2013;    63.800;
05.07.2013;    75.500;
06.07.2013;    73.700;
07.07.2013;    37.600;
08.07.2013;    16.000;
09.07.2013;    12.000;
10.07.2013;    10.800;
11.07.2013;     9.170;
12.07.2013;     8.770;
13.07.2013;     8.360;
14.07.2013;     7.720;
15.07.2013;     8.360;
16.07.2013;    51.600;
17.07.2013;   531.000;
18.07.2013;   292.000;
19.07.2013;    98.700;
20.07.2013;    87.700;
21.07.2013;   112.000;
22.07.2013;   240.000;
23.07.2013;   138.000;
24.07.2013;   125.000;
25.07.2013;   106.000;
26.07.2013;    79.000;
27.07.2013;    72.000;
28.07.2013;   121.000;
29.07.2013;   307.000;
30.07.2013;   511.000;
01.08.2013;   125.000;
02.08.2013;    96.800;
03.08.2013;    82.400;
04.08.2013;   102.000;
05.08.2013;   127.000;
06.08.2013;    89.400;
07.08.2013;   104.000;
08.08.2013;    89.400;
09.08.2013;    52.700;
10.08.2013;    47.000;
11.08.2013;    37.600;
12.08.2013;    31.300;
13.08.2013;    42.700;
14.08.2013;    79.000;
15.08.2013;    89.400;
16.08.2013;    95.000;
17.08.2013;    51.300;
18.08.2013;    47.000;
19.08.2013;    38.800;
20.08.2013;    35.100;
21.08.2013;    32.600;
22.08.2013;    24.700;
23.08.2013;    21.700;
24.08.2013;    19.600;
25.08.2013;    17.900;
26.08.2013;    17.300;
27.08.2013;    16.000;
28.08.2013;    14.600;
29.08.2013;    11.600;
30.08.2013;    10.800;
01.09.2013;     9.580;
02.09.2013;     9.170;
03.09.2013;     8.360;
04.09.2013;     7.720;
05.09.2013;     7.480;
06.09.2013;     7.720;
07.09.2013;     7.720;
08.09.2013;     7.480;
09.09.2013;     7.240;
10.09.2013;     7.720;
11.09.2013;     8.360;
12.09.2013;     8.770;
13.09.2013;     9.170;
14.09.2013;    11.600;
15.09.2013;    15.300;
16.09.2013;    11.200;
17.09.2013;    10.400;
18.09.2013;     9.580;
19.09.2013;     8.770;
20.09.2013;     7.720;
21.09.2013;     7.240;
22.09.2013;     7.000;
23.09.2013;     7.720;
24.09.2013;    10.800;
25.09.2013;     9.980;
26.09.2013;     7.480;
27.09.2013;     7.240;
28.09.2013;     7.000;
29.09.2013;     7.240;
30.09.2013;     7.480;
01.10.2013;     7.240;
02.10.2013;     6.520;
03.10.2013;     6.280;
04.10.2013;     5.800;
05.10.2013;     5.370;
06.10.2013;     5.340;
07.10.2013;     5.060;
08.10.2013;     4.720;
09.10.2013;     4.520;
10.10.2013;     4.470;
11.10.2013;     4.420;
12.10.2013;     4.280;
13.10.2013;     4.270;
14.10.2013;     4.200;
15.10.2013;     4.130;
16.10.2013;     4.060;
17.10.2013;     3.990;
18.10.2013;     3.920;
19.10.2013;     3.850;
20.10.2013;     3.790;
21.10.2013;     3.720;
22.10.2013;     3.650;
23.10.2013;     3.580;
24.10.2013;     3.510;
25.10.2013;     3.440;
26.10.2013;     3.420;
27.10.2013;     3.400;
28.10.2013;     3.380;
29.10.2013;     3.360;
30.10.2013;     3.350;
01.11.2013;     3.310;
02.11.2013;     3.290;
03.11.2013;     3.270;
04.11.2013;     3.250;
05.11.2013;     3.230;
06.11.2013;     3.210;
07.11.2013;     3.190;
08.11.2013;     3.180;
09.11.2013;     3.160;
10.11.2013;     3.140;
11.11.2013;     3.120;
12.11.2013;     3.100;
13.11.2013;     3.080;
14.11.2013;     3.060;
15.11.2013;     3.040;
16.11.2013;     3.020;
17.11.2013;     3.010;
18.11.2013;     2.990;
19.11.2013;     2.970;
20.11.2013;     2.950;
21.11.2013;     2.930;
22.11.2013;     2.850;
23.11.2013;     2.770;
24.11.2013;     2.680;
25.11.2013;     2.600;
26.11.2013;     2.520;
27.11.2013;     2.440;
28.11.2013;     2.360;
29.11.2013;     2.270;
30.11.2013;     2.190;
01.12.2013;     2.110;
02.12.2013;     2.030;
03.12.2013;     1.950;
04.12.2013;     1.860;
05.12.2013;     1.780;
06.12.2013;     1.700;
07.12.2013;     1.640;
08.12.2013;     1.580;
09.12.2013;     1.520;
10.12.2013;     1.460;
11.12.2013;     1.400;
12.12.2013;     1.340;
13.12.2013;     1.270;
14.12.2013;     1.210;
15.12.2013;     1.150;
16.12.2013;     1.090;
17.12.2013;     1.030;
18.12.2013;     0.970;
19.12.2013;     0.920;
20.12.2013;     0.870;
21.12.2013;     0.820;
22.12.2013;     0.780;
23.12.2013;     0.730;
24.12.2013;     0.680;
25.12.2013;     0.630;
26.12.2013;     0.580;
27.12.2013;     0.530;
28.12.2013;     0.490;
29.12.2013;     0.440;
30.12.2013;     0.390;
01.01.2014;     0.290;
02.01.2014;     0.240;
03.01.2014;     0.190;
04.01.2014;     0.150;
05.01.2014;     0.097;
06.01.2014;     0.050;
07.01.2014;          ;
08.01.2014;          ;
09.01.2014;          ;
10.01.2014;          ;
11.01.2014;          ;
12.01.2014;          ;
13.01.2014;          ;
14.01.2014;          ;
15.01.2014;          ;
16.01.2014;          ;
17.01.2014;          ;
18.01.2014;          ;
19.01.2014;          ;
20.01.2014;          ;
21.01.2014;          ;
22.01.2014;          ;
23.01.2014;          ;
24.01.2014;          ;
25.01.2014;          ;
26.01.2014;          ;
27.01.2014;          ;
28.01.2014;          ;
29.01.2014;          ;
30.01.2014;          ;
01.02.2014;          ;
02.02.2014;          ;
03.02.2014;          ;
04.02.2014;          ;
05.02.2014;          ;
06.02.2014;          ;
07.02.2014;          ;
08.02.2014;          ;
09.02.2014;          ;
10.02.2014;          ;
11.02.2014;          ;
12.02.2014;          ;
13.02.2014;          ;
14.02.2014;          ;
15.02.2014;          ;
16.02.2014;          ;
17.02.2014;          ;
18.02.2014;          ;
19.02.2014;          ;
20.02.2014;          ;
21.02.2014;          ;
22.02.2014;          ;
23.02.2014;          ;
24.02.2014;          ;
25.02.2014;          ;
26.02.2014;          ;
27.02.2014;          ;
28.02.2014;          ;
29.02.2014;          ;
30.02.2014;          ;
01.03.2014;          ;
02.03.2014;          ;
03.03.2014;          ;
04.03.2014;          ;
05.03.2014;          ;
06.03.2014;          ;
07.03.2014;          ;
08.03.2014;          ;
09.03.2014;          ;
10.03.2014;          ;
11.03.2014;          ;
12.03.2014;          ;
13.03.2014;          ;
14.03.2014;          ;
15.03.2014;          ;
16.03.2014;          ;
17.03.2014;          ;
18.03.2014;          ;
19.03.2014;          ;
20.03.2014;          ;
21.03.2014;          ;
22.03.2014;          ;
23.03.2014;          ;
24.03.2014;          ;
25.03.2014;          ;
26.03.2014;          ;
27.03.2014;          ;
28.03.2014;          ;
29.03.2014;          ;
30.03.2014;          ;
01.04.2014;          ;
02.04.2014;          ;
03.04.2014;          ;
04.04.2014;          ;
05.04.2014;          ;
06.04.2014;          ;
07.04.2014;          ;
08.04.2014;          ;
09.04.2014;     0.130;
10.04.2014;     0.260;
11.04.2014;     0.390;
12.04.2014;     0.520;
13.04.2014;     0.650;
14.04.2014;     0.880;
15.04.2014;     1.170;
16.04.2014;     1.570;
17.04.2014;     1.880;
18.04.2014;     2.170;
19.04.2014;     2.380;
20.04.2014;     2.430;
21.04.2014;     2.480;
22.04.2014;     2.550;
23.04.2014;     2.650;
24.04.2014;     2.740;
25.04.2014;     2.770;
26.04.2014;     2.790;
27.04.2014;     2.800;
28.04.2014;     2.820;
29.04.2014;     2.870;
30.04.2014;     2.800;
01.05.2014;     2.690;
02.05.2014;     2.480;
03.05.2014;     2.390;
04.05.2014;     2.290;
05.05.2014;     2.190;
06.05.2014;     2.190;
07.05.2014;     2.030;
08.05.2014;     2.190;
09.05.2014;     2.480;
10.05.2014;     2.580;
11.05.2014;     3.040;
12.05.2014;     3.280;
13.05.2014;     3.820;
14.05.2014;     3.960;
15.05.2014;     4.120;
16.05.2014;     4.440;
17.05.2014;     3.960;
18.05.2014;     3.550;
19.05.2014;     3.420;
20.05.2014;     3.040;
21.05.2014;     2.580;
22.05.2014;     2.580;
23.05.2014;     3.960;
24.05.2014;     4.600;
25.05.2014;     5.080;
26.05.2014;     7.480;
27.05.2014;     9.170;
28.05.2014;     7.720;
29.05.2014;     7.240;
30.05.2014;     4.920;
01.06.2014;     3.040;
02.06.2014;     4.280;
03.06.2014;     5.400;
04.06.2014;     4.600;
05.06.2014;     3.960;
06.06.2014;     4.920;
07.06.2014;     7.720;
08.06.2014;     7.480;
09.06.2014;     5.400;
10.06.2014;     4.600;
11.06.2014;     4.440;
12.06.2014;     4.440;
13.06.2014;     3.820;
14.06.2014;     2.920;
15.06.2014;     2.480;
16.06.2014;     3.040;
17.06.2014;     3.420;
18.06.2014;     3.040;
19.06.2014;     3.280;
20.06.2014;     2.800;
21.06.2014;     2.580;
22.06.2014;     2.390;
23.06.2014;     2.290;
24.06.2014;     2.390;
25.06.2014;     2.680;
26.06.2014;     2.580;
27.06.2014;     2.290;
28.06.2014;     2.190;
29.06.2014;     2.110;
30.06.2014;     2.110;
01.07.2014;     2.030;
02.07.2014;     2.110;
03.07.2014;     2.190;
04.07.2014;     8.360;
05.07.2014;    48.500;
06.07.2014;    25.700;
07.07.2014;     9.580;
08.07.2014;     7.240;
09.07.2014;     7.000;
10.07.2014;     6.040;
11.07.2014;     5.240;
12.07.2014;     4.280;
13.07.2014;     3.690;
14.07.2014;     4.280;
15.07.2014;     4.760;
16.07.2014;     3.820;
17.07.2014;     3.550;
18.07.2014;     3.420;
19.07.2014;     4.440;
20.07.2014;     4.920;
21.07.2014;     5.240;
22.07.2014;     4.920;
23.07.2014;     3.820;
24.07.2014;     3.420;
25.07.2014;     3.160;
26.07.2014;     3.040;
27.07.2014;     2.920;
28.07.2014;     3.040;
29.07.2014;     3.160;
30.07.2014;     3.420;
01.08.2014;     4.280;
02.08.2014;     4.120;
03.08.2014;     3.550;
04.08.2014;     3.160;
05.08.2014;     3.040;
06.08.2014;     2.800;
07.08.2014;     2.580;
08.08.2014;     2.480;
09.08.2014;     2.580;
10.08.2014;     3.420;
11.08.2014;     3.820;
12.08.2014;     5.080;
13.08.2014;     4.920;
14.08.2014;     5.400;
15.08.2014;     5.560;
16.08.2014;     4.440;
17.08.2014;     4.120;
18.08.2014;     3.550;
19.08.2014;     3.160;
20.08.2014;     3.960;
21.08.2014;     4.120;
22.08.2014;     4.120;
23.08.2014;     4.440;
24.08.2014;     4.120;
25.08.2014;     4.600;
26.08.2014;     7.480;
27.08.2014;    31.300;
28.08.2014;    36.300;
29.08.2014;    17.300;
30.08.2014;    12.700;
01.09.2014;     8.360;
02.09.2014;     7.480;
03.09.2014;     7.000;
04.09.2014;     6.520;
05.09.2014;     6.040;
06.09.2014;     5.800;
07.09.2014;     5.400;
08.09.2014;     5.560;
09.09.2014;     9.980;
10.09.2014;    10.400;
11.09.2014;     9.580;
12.09.2014;     8.770;
13.09.2014;     7.000;
14.09.2014;     7.480;
15.09.2014;    11.600;
16.09.2014;    42.700;
17.09.2014;    24.700;
18.09.2014;    16.600;
19.09.2014;    12.000;
20.09.2014;    10.800;
21.09.2014;     9.980;
22.09.2014;     8.770;
23.09.2014;     7.960;
24.09.2014;     7.720;
25.09.2014;     7.240;
26.09.2014;     7.000;
27.09.2014;     6.520;
28.09.2014;     6.280;
29.09.2014;     6.040;
30.09.2014;     5.560;
01.10.2014;     5.240;
02.10.2014;     5.080;
03.10.2014;     5.080;
04.10.2014;     4.920;
05.10.2014;     4.760;
06.10.2014;     4.600;
07.10.2014;     4.440;
08.10.2014;     4.040;
09.10.2014;     3.580;
10.10.2014;     3.370;
11.10.2014;     3.370;
12.10.2014;     3.330;
13.10.2014;     2.950;
14.10.2014;     2.800;
15.10.2014;     2.790;
16.10.2014;     2.470;
17.10.2014;     1.930;
18.10.2014;     1.800;
19.10.2014;     1.670;
20.10.2014;     1.520;
21.10.2014;     1.470;
22.10.2014;     1.410;
23.10.2014;     1.360;
24.10.2014;     1.300;
25.10.2014;     1.250;
26.10.2014;     1.220;
27.10.2014;     1.190;
28.10.2014;     1.160;
29.10.2014;     1.130;
30.10.2014;     1.090;
01.11.2014;     1.030;
02.11.2014;     1.000;
03.11.2014;     0.970;
04.11.2014;     0.940;
05.11.2014;     0.910;
06.11.2014;     0.880;
07.11.2014;     0.840;
08.11.2014;     0.810;
09.11.2014;     0.780;
10.11.2014;     0.750;
11.11.2014;     0.730;
12.11.2014;     0.710;
13.11.2014;     0.690;
14.11.2014;     0.670;
15.11.2014;     0.650;
16.11.2014;     0.630;
17.11.2014;     0.620;
18.11.2014;     0.600;
19.11.2014;     0.580;
20.11.2014;     0.560;
21.11.2014;     0.540;
22.11.2014;     0.520;
23.11.2014;     0.500;
24.11.2014;     0.480;
25.11.2014;     0.460;
26.11.2014;     0.440;
27.11.2014;     0.420;
28.11.2014;     0.400;
29.11.2014;     0.380;
30.11.2014;     0.370;
01.12.2014;     0.350;
02.12.2014;     0.330;
03.12.2014;     0.310;
04.12.2014;     0.290;
05.12.2014;     0.270;
06.12.2014;     0.250;
07.12.2014;     0.230;
08.12.2014;     0.210;
09.12.2014;     0.190;
10.12.2014;     0.170;
11.12.2014;     0.150;
12.12.2014;     0.130;
13.12.2014;     0.120;
14.12.2014;     0.100;
15.12.2014;     0.077;
16.12.2014;     0.058;
17.12.2014;     0.038;
18.12.2014;     0.019;
19.12.2014;          ;
20.12.2014;          ;
21.12.2014;          ;
22.12.2014;          ;
23.12.2014;          ;
24.12.2014;          ;
25.12.2014;          ;
26.12.2014;          ;
27.12.2014;          ;
28.12.2014;          ;
29.12.2014;          ;
30.12.2014;          ;
